Date,Ticker
2003-04-30 00:00:00+00:00,AMGN
2003-04-30 00:00:00+00:00,CMCSA
2003-04-30 00:00:00+00:00,EBAY
2003-04-30 00:00:00+00:00,SBUX
2003-04-30 00:00:00+00:00,XEL
2003-05-30 00:00:00+00:00,ADBE
2003-05-30 00:00:00+00:00,AMGN
2003-05-30 00:00:00+00:00,AMZN
2003-05-30 00:00:00+00:00,ANSS
2003-05-30 00:00:00+00:00,EBAY
2003-05-30 00:00:00+00:00,PCAR
2003-06-30 00:00:00+00:00,AMZN
2003-06-30 00:00:00+00:00,BKNG
2003-06-30 00:00:00+00:00,EBAY
2003-06-30 00:00:00+00:00,GILD
2003-06-30 00:00:00+00:00,PCAR
2003-06-30 00:00:00+00:00,SNPS
2003-07-30 00:00:00+00:00,AMZN
2003-07-30 00:00:00+00:00,ANSS
2003-07-30 00:00:00+00:00,BKNG
2003-07-30 00:00:00+00:00,EBAY
2003-07-30 00:00:00+00:00,GILD
2003-07-30 00:00:00+00:00,PCAR
2003-08-31 00:00:00+00:00,AMZN
2003-08-31 00:00:00+00:00,BKNG
2003-08-31 00:00:00+00:00,EA
2003-08-31 00:00:00+00:00,GILD
2003-08-31 00:00:00+00:00,ORLY
2003-08-31 00:00:00+00:00,PCAR
2003-09-30 00:00:00+00:00,AMZN
2003-09-30 00:00:00+00:00,BKNG
2003-09-30 00:00:00+00:00,CTSH
2003-09-30 00:00:00+00:00,EA
2003-09-30 00:00:00+00:00,GILD
2003-09-30 00:00:00+00:00,PCAR
2003-10-30 00:00:00+00:00,AMZN
2003-10-30 00:00:00+00:00,CTSH
2003-10-30 00:00:00+00:00,EA
2003-10-30 00:00:00+00:00,NTES
2003-10-30 00:00:00+00:00,PCAR
2003-10-30 00:00:00+00:00,SBUX
2003-11-30 00:00:00+00:00,AMD
2003-11-30 00:00:00+00:00,AMZN
2003-11-30 00:00:00+00:00,CTSH
2003-11-30 00:00:00+00:00,EA
2003-11-30 00:00:00+00:00,ORLY
2003-11-30 00:00:00+00:00,SBUX
2003-12-30 00:00:00+00:00,ADSK
2003-12-30 00:00:00+00:00,CPRT
2003-12-30 00:00:00+00:00,CTSH
2003-12-30 00:00:00+00:00,LRCX
2003-12-30 00:00:00+00:00,MNST
2003-12-30 00:00:00+00:00,XEL
2004-01-31 00:00:00+00:00,ADSK
2004-01-31 00:00:00+00:00,ASML
2004-01-31 00:00:00+00:00,CDNS
2004-01-31 00:00:00+00:00,CPRT
2004-01-31 00:00:00+00:00,CSCO
2004-01-31 00:00:00+00:00,MNST
2004-02-29 00:00:00+00:00,ADSK
2004-02-29 00:00:00+00:00,CPRT
2004-02-29 00:00:00+00:00,MNST
2004-02-29 00:00:00+00:00,ROST
2004-02-29 00:00:00+00:00,SBUX
2004-02-29 00:00:00+00:00,XEL
2004-03-29 00:00:00+00:00,ADSK
2004-03-29 00:00:00+00:00,BIIB
2004-03-29 00:00:00+00:00,CPRT
2004-03-29 00:00:00+00:00,MNST
2004-03-29 00:00:00+00:00,QCOM
2004-03-29 00:00:00+00:00,SBUX
2004-04-30 00:00:00+00:00,ADSK
2004-04-30 00:00:00+00:00,CPRT
2004-04-30 00:00:00+00:00,IDXX
2004-04-30 00:00:00+00:00,MNST
2004-04-30 00:00:00+00:00,QCOM
2004-04-30 00:00:00+00:00,SBUX
2004-05-30 00:00:00+00:00,ADSK
2004-05-30 00:00:00+00:00,BIIB
2004-05-30 00:00:00+00:00,IDXX
2004-05-30 00:00:00+00:00,MNST
2004-05-30 00:00:00+00:00,PEP
2004-05-30 00:00:00+00:00,SBUX
2004-06-30 00:00:00+00:00,ADSK
2004-06-30 00:00:00+00:00,BIIB
2004-06-30 00:00:00+00:00,EBAY
2004-06-30 00:00:00+00:00,IDXX
2004-06-30 00:00:00+00:00,MNST
2004-06-30 00:00:00+00:00,SBUX
2004-07-30 00:00:00+00:00,ADSK
2004-07-30 00:00:00+00:00,EBAY
2004-07-30 00:00:00+00:00,IDXX
2004-07-30 00:00:00+00:00,MNST
2004-07-30 00:00:00+00:00,ODFL
2004-07-30 00:00:00+00:00,SBUX
2004-08-31 00:00:00+00:00,AAPL
2004-08-31 00:00:00+00:00,ADSK
2004-08-31 00:00:00+00:00,COST
2004-08-31 00:00:00+00:00,MNST
2004-08-31 00:00:00+00:00,ODFL
2004-08-31 00:00:00+00:00,SBUX
2004-09-30 00:00:00+00:00,AAPL
2004-09-30 00:00:00+00:00,ADSK
2004-09-30 00:00:00+00:00,BKR
2004-09-30 00:00:00+00:00,ISRG
2004-09-30 00:00:00+00:00,QCOM
2004-09-30 00:00:00+00:00,SBUX
2004-10-30 00:00:00+00:00,AAPL
2004-10-30 00:00:00+00:00,BKR
2004-10-30 00:00:00+00:00,EXC
2004-10-30 00:00:00+00:00,ISRG
2004-10-30 00:00:00+00:00,PCAR
2004-10-30 00:00:00+00:00,QCOM
2004-11-30 00:00:00+00:00,AAPL
2004-11-30 00:00:00+00:00,ADBE
2004-11-30 00:00:00+00:00,ADSK
2004-11-30 00:00:00+00:00,CTSH
2004-11-30 00:00:00+00:00,EXC
2004-11-30 00:00:00+00:00,PCAR
2004-12-30 00:00:00+00:00,AAPL
2004-12-30 00:00:00+00:00,ADSK
2004-12-30 00:00:00+00:00,ANSS
2004-12-30 00:00:00+00:00,EXC
2004-12-30 00:00:00+00:00,SBUX
2004-12-30 00:00:00+00:00,VRSN
2005-01-31 00:00:00+00:00,AAPL
2005-01-31 00:00:00+00:00,ADSK
2005-01-31 00:00:00+00:00,EXC
2005-01-31 00:00:00+00:00,MAR
2005-01-31 00:00:00+00:00,SBUX
2005-01-31 00:00:00+00:00,VRSN
2005-02-28 00:00:00+00:00,AAPL
2005-02-28 00:00:00+00:00,EXC
2005-02-28 00:00:00+00:00,ISRG
2005-02-28 00:00:00+00:00,MAR
2005-02-28 00:00:00+00:00,MNST
2005-02-28 00:00:00+00:00,WBA
2005-03-28 00:00:00+00:00,AAPL
2005-03-28 00:00:00+00:00,EXC
2005-03-28 00:00:00+00:00,ISRG
2005-03-28 00:00:00+00:00,MAR
2005-03-28 00:00:00+00:00,MNST
2005-03-28 00:00:00+00:00,WBA
2005-04-30 00:00:00+00:00,AAPL
2005-04-30 00:00:00+00:00,ANSS
2005-04-30 00:00:00+00:00,EXC
2005-04-30 00:00:00+00:00,ISRG
2005-04-30 00:00:00+00:00,MAR
2005-04-30 00:00:00+00:00,MNST
2005-05-30 00:00:00+00:00,AAPL
2005-05-30 00:00:00+00:00,ANSS
2005-05-30 00:00:00+00:00,CTSH
2005-05-30 00:00:00+00:00,EXC
2005-05-30 00:00:00+00:00,MNST
2005-05-30 00:00:00+00:00,ORLY
2005-06-30 00:00:00+00:00,AZN
2005-06-30 00:00:00+00:00,BKNG
2005-06-30 00:00:00+00:00,EXC
2005-06-30 00:00:00+00:00,GILD
2005-06-30 00:00:00+00:00,MNST
2005-06-30 00:00:00+00:00,NTES
2005-07-30 00:00:00+00:00,AEP
2005-07-30 00:00:00+00:00,GILD
2005-07-30 00:00:00+00:00,IDXX
2005-07-30 00:00:00+00:00,MNST
2005-07-30 00:00:00+00:00,NTES
2005-07-30 00:00:00+00:00,ORLY
2005-08-31 00:00:00+00:00,AEP
2005-08-31 00:00:00+00:00,AMGN
2005-08-31 00:00:00+00:00,BKR
2005-08-31 00:00:00+00:00,EXC
2005-08-31 00:00:00+00:00,MNST
2005-08-31 00:00:00+00:00,ORLY
2005-09-30 00:00:00+00:00,AMGN
2005-09-30 00:00:00+00:00,EXC
2005-09-30 00:00:00+00:00,ISRG
2005-09-30 00:00:00+00:00,MNST
2005-09-30 00:00:00+00:00,MRVL
2005-09-30 00:00:00+00:00,NTES
2005-10-30 00:00:00+00:00,AAPL
2005-10-30 00:00:00+00:00,AEP
2005-10-30 00:00:00+00:00,ISRG
2005-10-30 00:00:00+00:00,NFLX
2005-10-30 00:00:00+00:00,NTES
2005-10-30 00:00:00+00:00,VRTX
2005-11-30 00:00:00+00:00,AAPL
2005-11-30 00:00:00+00:00,ADSK
2005-11-30 00:00:00+00:00,ISRG
2005-11-30 00:00:00+00:00,NFLX
2005-11-30 00:00:00+00:00,NTES
2005-11-30 00:00:00+00:00,VRTX
2005-12-30 00:00:00+00:00,AAPL
2005-12-30 00:00:00+00:00,AMD
2005-12-30 00:00:00+00:00,GILD
2005-12-30 00:00:00+00:00,MRVL
2005-12-30 00:00:00+00:00,PAYX
2005-12-30 00:00:00+00:00,VRTX
2006-01-31 00:00:00+00:00,AAPL
2006-01-31 00:00:00+00:00,AMD
2006-01-31 00:00:00+00:00,ISRG
2006-01-31 00:00:00+00:00,MNST
2006-01-31 00:00:00+00:00,REGN
2006-01-31 00:00:00+00:00,VRTX
2006-02-28 00:00:00+00:00,AMD
2006-02-28 00:00:00+00:00,BKR
2006-02-28 00:00:00+00:00,LRCX
2006-02-28 00:00:00+00:00,MRVL
2006-02-28 00:00:00+00:00,NVDA
2006-02-28 00:00:00+00:00,VRTX
2006-03-28 00:00:00+00:00,AMD
2006-03-28 00:00:00+00:00,CSX
2006-03-28 00:00:00+00:00,IDXX
2006-03-28 00:00:00+00:00,MNST
2006-03-28 00:00:00+00:00,NVDA
2006-03-28 00:00:00+00:00,VRTX
2006-04-30 00:00:00+00:00,CSX
2006-04-30 00:00:00+00:00,IDXX
2006-04-30 00:00:00+00:00,MNST
2006-04-30 00:00:00+00:00,NTES
2006-04-30 00:00:00+00:00,NVDA
2006-04-30 00:00:00+00:00,SBUX
2006-05-30 00:00:00+00:00,ANSS
2006-05-30 00:00:00+00:00,CSX
2006-05-30 00:00:00+00:00,CTSH
2006-05-30 00:00:00+00:00,MNST
2006-05-30 00:00:00+00:00,NVDA
2006-05-30 00:00:00+00:00,SBUX
2006-06-30 00:00:00+00:00,AZN
2006-06-30 00:00:00+00:00,BKNG
2006-06-30 00:00:00+00:00,CSX
2006-06-30 00:00:00+00:00,CTSH
2006-06-30 00:00:00+00:00,MDLZ
2006-06-30 00:00:00+00:00,MNST
2006-07-30 00:00:00+00:00,AZN
2006-07-30 00:00:00+00:00,CSX
2006-07-30 00:00:00+00:00,CTSH
2006-07-30 00:00:00+00:00,MNST
2006-07-30 00:00:00+00:00,ODFL
2006-07-30 00:00:00+00:00,PCAR
2006-08-31 00:00:00+00:00,AZN
2006-08-31 00:00:00+00:00,CMCSA
2006-08-31 00:00:00+00:00,CTSH
2006-08-31 00:00:00+00:00,MNST
2006-08-31 00:00:00+00:00,PEP
2006-08-31 00:00:00+00:00,XEL
2006-09-30 00:00:00+00:00,AZN
2006-09-30 00:00:00+00:00,CMCSA
2006-09-30 00:00:00+00:00,INTU
2006-09-30 00:00:00+00:00,PEP
2006-09-30 00:00:00+00:00,WBA
2006-09-30 00:00:00+00:00,XEL
2006-10-30 00:00:00+00:00,CMCSA
2006-10-30 00:00:00+00:00,CTSH
2006-10-30 00:00:00+00:00,IDXX
2006-10-30 00:00:00+00:00,INTU
2006-10-30 00:00:00+00:00,PEP
2006-10-30 00:00:00+00:00,XEL
2006-11-30 00:00:00+00:00,AEP
2006-11-30 00:00:00+00:00,BKNG
2006-11-30 00:00:00+00:00,CMCSA
2006-11-30 00:00:00+00:00,NVDA
2006-11-30 00:00:00+00:00,REGN
2006-11-30 00:00:00+00:00,XEL
2006-12-30 00:00:00+00:00,AEP
2006-12-30 00:00:00+00:00,ALGN
2006-12-30 00:00:00+00:00,CMCSA
2006-12-30 00:00:00+00:00,MAR
2006-12-30 00:00:00+00:00,SNPS
2006-12-30 00:00:00+00:00,XEL
2007-01-31 00:00:00+00:00,ALGN
2007-01-31 00:00:00+00:00,BKNG
2007-01-31 00:00:00+00:00,CMCSA
2007-01-31 00:00:00+00:00,CSCO
2007-01-31 00:00:00+00:00,SNPS
2007-01-31 00:00:00+00:00,XEL
2007-02-28 00:00:00+00:00,AEP
2007-02-28 00:00:00+00:00,BKNG
2007-02-28 00:00:00+00:00,CMCSA
2007-02-28 00:00:00+00:00,MAR
2007-02-28 00:00:00+00:00,SNPS
2007-02-28 00:00:00+00:00,XEL
2007-03-28 00:00:00+00:00,AEP
2007-03-28 00:00:00+00:00,BKNG
2007-03-28 00:00:00+00:00,HON
2007-03-28 00:00:00+00:00,MAR
2007-03-28 00:00:00+00:00,PCAR
2007-03-28 00:00:00+00:00,XEL
2007-04-30 00:00:00+00:00,AEP
2007-04-30 00:00:00+00:00,BKNG
2007-04-30 00:00:00+00:00,DLTR
2007-04-30 00:00:00+00:00,EXC
2007-04-30 00:00:00+00:00,GILD
2007-04-30 00:00:00+00:00,XEL
2007-05-30 00:00:00+00:00,AEP
2007-05-30 00:00:00+00:00,ALGN
2007-05-30 00:00:00+00:00,BKNG
2007-05-30 00:00:00+00:00,DLTR
2007-05-30 00:00:00+00:00,EXC
2007-05-30 00:00:00+00:00,HON
2007-06-30 00:00:00+00:00,AAPL
2007-06-30 00:00:00+00:00,ALGN
2007-06-30 00:00:00+00:00,AMZN
2007-06-30 00:00:00+00:00,DLTR
2007-06-30 00:00:00+00:00,HON
2007-06-30 00:00:00+00:00,PCAR
2007-07-30 00:00:00+00:00,AAPL
2007-07-30 00:00:00+00:00,ALGN
2007-07-30 00:00:00+00:00,AMZN
2007-07-30 00:00:00+00:00,BKNG
2007-07-30 00:00:00+00:00,DLTR
2007-07-30 00:00:00+00:00,VRSN
2007-08-31 00:00:00+00:00,AAPL
2007-08-31 00:00:00+00:00,ALGN
2007-08-31 00:00:00+00:00,AMAT
2007-08-31 00:00:00+00:00,AMZN
2007-08-31 00:00:00+00:00,ANSS
2007-08-31 00:00:00+00:00,ISRG
2007-09-30 00:00:00+00:00,AMZN
2007-09-30 00:00:00+00:00,BIIB
2007-09-30 00:00:00+00:00,BKNG
2007-09-30 00:00:00+00:00,IDXX
2007-09-30 00:00:00+00:00,ISRG
2007-09-30 00:00:00+00:00,NVDA
2007-10-30 00:00:00+00:00,AMZN
2007-10-30 00:00:00+00:00,ANSS
2007-10-30 00:00:00+00:00,BIIB
2007-10-30 00:00:00+00:00,BKNG
2007-10-30 00:00:00+00:00,ISRG
2007-10-30 00:00:00+00:00,MNST
2007-11-30 00:00:00+00:00,AAPL
2007-11-30 00:00:00+00:00,ANSS
2007-11-30 00:00:00+00:00,BIIB
2007-11-30 00:00:00+00:00,IDXX
2007-11-30 00:00:00+00:00,ISRG
2007-11-30 00:00:00+00:00,MNST
2007-12-30 00:00:00+00:00,AAPL
2007-12-30 00:00:00+00:00,BKNG
2007-12-30 00:00:00+00:00,GOOG
2007-12-30 00:00:00+00:00,ISRG
2007-12-30 00:00:00+00:00,PEP
2007-12-30 00:00:00+00:00,VRSN
2008-01-31 00:00:00+00:00,AAPL
2008-01-31 00:00:00+00:00,ANSS
2008-01-31 00:00:00+00:00,BKNG
2008-01-31 00:00:00+00:00,CPRT
2008-01-31 00:00:00+00:00,ISRG
2008-01-31 00:00:00+00:00,PEP
2008-02-29 00:00:00+00:00,BKNG
2008-02-29 00:00:00+00:00,COST
2008-02-29 00:00:00+00:00,CPRT
2008-02-29 00:00:00+00:00,EXC
2008-02-29 00:00:00+00:00,VRSN
2008-02-29 00:00:00+00:00,XEL
2008-03-29 00:00:00+00:00,CPRT
2008-04-30 00:00:00+00:00,CSX
2008-04-30 00:00:00+00:00,NFLX
2008-04-30 00:00:00+00:00,ODFL
2008-04-30 00:00:00+00:00,ROST
2008-05-30 00:00:00+00:00,CMCSA
2008-05-30 00:00:00+00:00,CSX
2008-05-30 00:00:00+00:00,DLTR
2008-05-30 00:00:00+00:00,NFLX
2008-05-30 00:00:00+00:00,ODFL
2008-05-30 00:00:00+00:00,ROST
2008-06-30 00:00:00+00:00,AAPL
2008-06-30 00:00:00+00:00,CSX
2008-06-30 00:00:00+00:00,EXC
2008-06-30 00:00:00+00:00,GILD
2008-06-30 00:00:00+00:00,ROST
2008-06-30 00:00:00+00:00,VRTX
2008-07-30 00:00:00+00:00,COST
2008-07-30 00:00:00+00:00,EXC
2008-07-30 00:00:00+00:00,MRVL
2008-07-30 00:00:00+00:00,ROST
2008-07-30 00:00:00+00:00,SWKS
2008-07-30 00:00:00+00:00,VRTX
2008-08-31 00:00:00+00:00,AMGN
2008-08-31 00:00:00+00:00,DLTR
2008-08-31 00:00:00+00:00,NTES
2008-08-31 00:00:00+00:00,QCOM
2008-08-31 00:00:00+00:00,ROST
2008-08-31 00:00:00+00:00,VRTX
2008-09-30 00:00:00+00:00,AMGN
2008-09-30 00:00:00+00:00,AZN
2008-09-30 00:00:00+00:00,DLTR
2008-09-30 00:00:00+00:00,QCOM
2008-09-30 00:00:00+00:00,ROST
2008-09-30 00:00:00+00:00,VRTX
2008-10-30 00:00:00+00:00,AMGN
2008-10-30 00:00:00+00:00,AZN
2008-10-30 00:00:00+00:00,DLTR
2008-10-30 00:00:00+00:00,MDLZ
2008-10-30 00:00:00+00:00,REGN
2008-10-30 00:00:00+00:00,ROST
2008-11-30 00:00:00+00:00,MDLZ
2009-02-28 00:00:00+00:00,DLTR
2009-02-28 00:00:00+00:00,ORLY
2009-03-28 00:00:00+00:00,BKNG
2009-03-28 00:00:00+00:00,GILD
2009-03-28 00:00:00+00:00,MNST
2009-03-28 00:00:00+00:00,NFLX
2009-03-28 00:00:00+00:00,ORLY
2009-03-28 00:00:00+00:00,VRTX
2009-04-30 00:00:00+00:00,AMZN
2009-04-30 00:00:00+00:00,DXCM
2009-04-30 00:00:00+00:00,MNST
2009-04-30 00:00:00+00:00,MU
2009-04-30 00:00:00+00:00,NFLX
2009-04-30 00:00:00+00:00,ROST
2009-05-30 00:00:00+00:00,BIDU
2009-05-30 00:00:00+00:00,BKNG
2009-05-30 00:00:00+00:00,MNST
2009-05-30 00:00:00+00:00,NFLX
2009-05-30 00:00:00+00:00,ORLY
2009-05-30 00:00:00+00:00,SWKS
2009-06-30 00:00:00+00:00,AAPL
2009-06-30 00:00:00+00:00,AMZN
2009-06-30 00:00:00+00:00,BIDU
2009-06-30 00:00:00+00:00,BKNG
2009-06-30 00:00:00+00:00,NTES
2009-06-30 00:00:00+00:00,ORLY
2009-07-30 00:00:00+00:00,AAPL
2009-07-30 00:00:00+00:00,BIDU
2009-07-30 00:00:00+00:00,BKNG
2009-07-30 00:00:00+00:00,NTES
2009-07-30 00:00:00+00:00,ORLY
2009-07-30 00:00:00+00:00,SWKS
2009-08-31 00:00:00+00:00,AAPL
2009-08-31 00:00:00+00:00,BIDU
2009-08-31 00:00:00+00:00,BKNG
2009-08-31 00:00:00+00:00,ISRG
2009-08-31 00:00:00+00:00,NTES
2009-08-31 00:00:00+00:00,SWKS
2009-09-30 00:00:00+00:00,AAPL
2009-09-30 00:00:00+00:00,BIDU
2009-09-30 00:00:00+00:00,BKNG
2009-09-30 00:00:00+00:00,CTSH
2009-09-30 00:00:00+00:00,MRVL
2009-09-30 00:00:00+00:00,NTES
2009-10-30 00:00:00+00:00,AAPL
2009-10-30 00:00:00+00:00,BIDU
2009-10-30 00:00:00+00:00,BKNG
2009-10-30 00:00:00+00:00,CTSH
2009-10-30 00:00:00+00:00,NTES
2009-10-30 00:00:00+00:00,WBA
2009-11-30 00:00:00+00:00,AAPL
2009-11-30 00:00:00+00:00,BKNG
2009-11-30 00:00:00+00:00,CTSH
2009-11-30 00:00:00+00:00,GOOG
2009-11-30 00:00:00+00:00,MSFT
2009-11-30 00:00:00+00:00,WBA
2009-12-30 00:00:00+00:00,AMD
2009-12-30 00:00:00+00:00,AMZN
2009-12-30 00:00:00+00:00,BKNG
2009-12-30 00:00:00+00:00,CTSH
2009-12-30 00:00:00+00:00,GOOG
2009-12-30 00:00:00+00:00,ISRG
2010-01-31 00:00:00+00:00,AMD
2010-01-31 00:00:00+00:00,AMZN
2010-01-31 00:00:00+00:00,BKNG
2010-01-31 00:00:00+00:00,CTSH
2010-01-31 00:00:00+00:00,GOOG
2010-01-31 00:00:00+00:00,ISRG
2010-02-28 00:00:00+00:00,ALGN
2010-02-28 00:00:00+00:00,BKNG
2010-02-28 00:00:00+00:00,CTSH
2010-02-28 00:00:00+00:00,ISRG
2010-02-28 00:00:00+00:00,NFLX
2010-02-28 00:00:00+00:00,SBUX
2010-03-28 00:00:00+00:00,AMD
2010-03-28 00:00:00+00:00,ANSS
2010-03-28 00:00:00+00:00,ASML
2010-03-28 00:00:00+00:00,ISRG
2010-03-28 00:00:00+00:00,SBUX
2010-03-28 00:00:00+00:00,SWKS
2010-04-30 00:00:00+00:00,DXCM
2010-04-30 00:00:00+00:00,FAST
2010-04-30 00:00:00+00:00,INTC
2010-04-30 00:00:00+00:00,ISRG
2010-04-30 00:00:00+00:00,NFLX
2010-04-30 00:00:00+00:00,ROST
2010-05-30 00:00:00+00:00,AAPL
2010-05-30 00:00:00+00:00,BIDU
2010-05-30 00:00:00+00:00,BKNG
2010-05-30 00:00:00+00:00,ISRG
2010-05-30 00:00:00+00:00,NFLX
2010-05-30 00:00:00+00:00,ORLY
2010-06-30 00:00:00+00:00,AAPL
2010-06-30 00:00:00+00:00,BIDU
2010-06-30 00:00:00+00:00,DLTR
2010-06-30 00:00:00+00:00,NFLX
2010-06-30 00:00:00+00:00,ORLY
2010-06-30 00:00:00+00:00,SBUX
2010-07-30 00:00:00+00:00,AAPL
2010-07-30 00:00:00+00:00,BIDU
2010-07-30 00:00:00+00:00,DLTR
2010-07-30 00:00:00+00:00,IDXX
2010-07-30 00:00:00+00:00,NFLX
2010-07-30 00:00:00+00:00,ORLY
2010-08-31 00:00:00+00:00,BIDU
2010-08-31 00:00:00+00:00,DLTR
2010-08-31 00:00:00+00:00,NFLX
2010-08-31 00:00:00+00:00,SWKS
2010-08-31 00:00:00+00:00,TMUS
2010-09-30 00:00:00+00:00,AZN
2010-09-30 00:00:00+00:00,BIDU
2010-09-30 00:00:00+00:00,DLTR
2010-09-30 00:00:00+00:00,DXCM
2010-09-30 00:00:00+00:00,NFLX
2010-09-30 00:00:00+00:00,SWKS
2010-10-30 00:00:00+00:00,BIDU
2010-10-30 00:00:00+00:00,BKNG
2010-10-30 00:00:00+00:00,CTSH
2010-10-30 00:00:00+00:00,DLTR
2010-10-30 00:00:00+00:00,INTU
2010-10-30 00:00:00+00:00,VRSN
2010-11-30 00:00:00+00:00,BIDU
2010-11-30 00:00:00+00:00,BKNG
2010-11-30 00:00:00+00:00,DLTR
2010-11-30 00:00:00+00:00,INTU
2010-11-30 00:00:00+00:00,ORLY
2010-11-30 00:00:00+00:00,VRSN
2010-12-30 00:00:00+00:00,BIDU
2010-12-30 00:00:00+00:00,BKNG
2010-12-30 00:00:00+00:00,DLTR
2010-12-30 00:00:00+00:00,NFLX
2010-12-30 00:00:00+00:00,ORLY
2010-12-30 00:00:00+00:00,SWKS
2011-01-31 00:00:00+00:00,BKNG
2011-01-31 00:00:00+00:00,COST
2011-01-31 00:00:00+00:00,CTSH
2011-01-31 00:00:00+00:00,DLTR
2011-01-31 00:00:00+00:00,LULU
2011-01-31 00:00:00+00:00,SWKS
2011-02-28 00:00:00+00:00,BKR
2011-02-28 00:00:00+00:00,NVDA
2011-02-28 00:00:00+00:00,QCOM
2011-02-28 00:00:00+00:00,ROST
2011-02-28 00:00:00+00:00,SWKS
2011-02-28 00:00:00+00:00,TXN
2011-03-28 00:00:00+00:00,BKNG
2011-03-28 00:00:00+00:00,KLAC
2011-03-28 00:00:00+00:00,QCOM
2011-03-28 00:00:00+00:00,SWKS
2011-03-28 00:00:00+00:00,TMUS
2011-03-28 00:00:00+00:00,TXN
2011-04-30 00:00:00+00:00,BKNG
2011-04-30 00:00:00+00:00,BKR
2011-04-30 00:00:00+00:00,CSX
2011-04-30 00:00:00+00:00,LULU
2011-04-30 00:00:00+00:00,REGN
2011-04-30 00:00:00+00:00,TMUS
2011-05-30 00:00:00+00:00,BIDU
2011-05-30 00:00:00+00:00,BIIB
2011-05-30 00:00:00+00:00,LULU
2011-05-30 00:00:00+00:00,REGN
2011-05-30 00:00:00+00:00,ROST
2011-05-30 00:00:00+00:00,TMUS
2011-06-30 00:00:00+00:00,BIIB
2011-06-30 00:00:00+00:00,EA
2011-06-30 00:00:00+00:00,MNST
2011-06-30 00:00:00+00:00,REGN
2011-06-30 00:00:00+00:00,ROST
2011-06-30 00:00:00+00:00,TMUS
2011-07-30 00:00:00+00:00,BIIB
2011-07-30 00:00:00+00:00,DLTR
2011-07-30 00:00:00+00:00,LULU
2011-07-30 00:00:00+00:00,MNST
2011-07-30 00:00:00+00:00,REGN
2011-07-30 00:00:00+00:00,TMUS
2011-08-31 00:00:00+00:00,BIIB
2011-08-31 00:00:00+00:00,DLTR
2011-08-31 00:00:00+00:00,LULU
2011-08-31 00:00:00+00:00,MDLZ
2011-08-31 00:00:00+00:00,MNST
2011-08-31 00:00:00+00:00,NFLX
2011-09-30 00:00:00+00:00,AMZN
2011-09-30 00:00:00+00:00,EXC
2011-09-30 00:00:00+00:00,LULU
2011-09-30 00:00:00+00:00,MNST
2011-09-30 00:00:00+00:00,MSFT
2011-09-30 00:00:00+00:00,SBUX
2011-10-30 00:00:00+00:00,AAPL
2011-10-30 00:00:00+00:00,LULU
2011-10-30 00:00:00+00:00,MNST
2011-11-30 00:00:00+00:00,DLTR
2011-11-30 00:00:00+00:00,MNST
2011-11-30 00:00:00+00:00,ORLY
2011-11-30 00:00:00+00:00,REGN
2011-12-30 00:00:00+00:00,AEP
2011-12-30 00:00:00+00:00,COST
2011-12-30 00:00:00+00:00,DLTR
2011-12-30 00:00:00+00:00,MNST
2011-12-30 00:00:00+00:00,ORLY
2011-12-30 00:00:00+00:00,ROST
2012-01-31 00:00:00+00:00,DLTR
2012-01-31 00:00:00+00:00,FAST
2012-01-31 00:00:00+00:00,ISRG
2012-01-31 00:00:00+00:00,ORLY
2012-01-31 00:00:00+00:00,ROST
2012-01-31 00:00:00+00:00,SBUX
2012-02-29 00:00:00+00:00,DLTR
2012-02-29 00:00:00+00:00,FAST
2012-02-29 00:00:00+00:00,MDLZ
2012-02-29 00:00:00+00:00,ORLY
2012-02-29 00:00:00+00:00,ROST
2012-02-29 00:00:00+00:00,SBUX
2012-03-29 00:00:00+00:00,AAPL
2012-03-29 00:00:00+00:00,DLTR
2012-03-29 00:00:00+00:00,FAST
2012-03-29 00:00:00+00:00,ISRG
2012-03-29 00:00:00+00:00,ORLY
2012-03-29 00:00:00+00:00,ROST
2012-04-30 00:00:00+00:00,AAPL
2012-04-30 00:00:00+00:00,DLTR
2012-04-30 00:00:00+00:00,ORLY
2012-04-30 00:00:00+00:00,REGN
2012-04-30 00:00:00+00:00,ROST
2012-04-30 00:00:00+00:00,SBUX
2012-05-30 00:00:00+00:00,DLTR
2012-05-30 00:00:00+00:00,ISRG
2012-05-30 00:00:00+00:00,MNST
2012-05-30 00:00:00+00:00,ORLY
2012-05-30 00:00:00+00:00,REGN
2012-05-30 00:00:00+00:00,ROST
2012-06-30 00:00:00+00:00,AAPL
2012-06-30 00:00:00+00:00,DLTR
2012-06-30 00:00:00+00:00,MNST
2012-06-30 00:00:00+00:00,NTES
2012-06-30 00:00:00+00:00,REGN
2012-06-30 00:00:00+00:00,ROST
2012-07-30 00:00:00+00:00,ALGN
2012-07-30 00:00:00+00:00,AMGN
2012-07-30 00:00:00+00:00,BIIB
2012-07-30 00:00:00+00:00,DLTR
2012-07-30 00:00:00+00:00,MNST
2012-07-30 00:00:00+00:00,ROST
2012-08-31 00:00:00+00:00,AEP
2012-08-31 00:00:00+00:00,AMGN
2012-08-31 00:00:00+00:00,KDP
2012-08-31 00:00:00+00:00,PEP
2012-08-31 00:00:00+00:00,ROST
2012-08-31 00:00:00+00:00,XEL
2012-09-30 00:00:00+00:00,AAPL
2012-09-30 00:00:00+00:00,AEP
2012-09-30 00:00:00+00:00,AMGN
2012-09-30 00:00:00+00:00,CMCSA
2012-09-30 00:00:00+00:00,ROST
2012-09-30 00:00:00+00:00,VRSN
2012-10-30 00:00:00+00:00,AEP
2012-10-30 00:00:00+00:00,AMGN
2012-10-30 00:00:00+00:00,CMCSA
2012-10-30 00:00:00+00:00,GILD
2012-10-30 00:00:00+00:00,GOOG
2012-10-30 00:00:00+00:00,REGN
2012-11-30 00:00:00+00:00,AEP
2012-11-30 00:00:00+00:00,AMGN
2012-11-30 00:00:00+00:00,CMCSA
2012-11-30 00:00:00+00:00,CPRT
2012-11-30 00:00:00+00:00,GILD
2012-11-30 00:00:00+00:00,ODFL
2012-12-30 00:00:00+00:00,AMGN
2012-12-30 00:00:00+00:00,CMCSA
2012-12-30 00:00:00+00:00,CPRT
2012-12-30 00:00:00+00:00,EBAY
2012-12-30 00:00:00+00:00,GILD
2012-12-30 00:00:00+00:00,ODFL
2013-01-31 00:00:00+00:00,ADBE
2013-01-31 00:00:00+00:00,AMGN
2013-01-31 00:00:00+00:00,CMCSA
2013-01-31 00:00:00+00:00,CPRT
2013-01-31 00:00:00+00:00,GILD
2013-01-31 00:00:00+00:00,ODFL
2013-02-28 00:00:00+00:00,CPRT
2013-02-28 00:00:00+00:00,GILD
2013-02-28 00:00:00+00:00,HON
2013-02-28 00:00:00+00:00,NFLX
2013-02-28 00:00:00+00:00,ODFL
2013-02-28 00:00:00+00:00,VRSK
2013-03-28 00:00:00+00:00,BIIB
2013-03-28 00:00:00+00:00,CPRT
2013-03-28 00:00:00+00:00,GILD
2013-03-28 00:00:00+00:00,HON
2013-03-28 00:00:00+00:00,NFLX
2013-03-28 00:00:00+00:00,VRSK
2013-04-30 00:00:00+00:00,BIIB
2013-04-30 00:00:00+00:00,CHTR
2013-04-30 00:00:00+00:00,GILD
2013-04-30 00:00:00+00:00,NFLX
2013-04-30 00:00:00+00:00,VRSK
2013-04-30 00:00:00+00:00,WBA
2013-05-30 00:00:00+00:00,ADBE
2013-05-30 00:00:00+00:00,ADP
2013-05-30 00:00:00+00:00,AEP
2013-05-30 00:00:00+00:00,BIIB
2013-05-30 00:00:00+00:00,GILD
2013-05-30 00:00:00+00:00,PEP
2013-06-30 00:00:00+00:00,BIIB
2013-06-30 00:00:00+00:00,CHTR
2013-06-30 00:00:00+00:00,DXCM
2013-06-30 00:00:00+00:00,GILD
2013-06-30 00:00:00+00:00,MSFT
2013-06-30 00:00:00+00:00,MU
2013-07-30 00:00:00+00:00,CHTR
2013-07-30 00:00:00+00:00,DXCM
2013-07-30 00:00:00+00:00,HON
2013-07-30 00:00:00+00:00,MU
2013-07-30 00:00:00+00:00,ODFL
2013-07-30 00:00:00+00:00,SBUX
2013-08-31 00:00:00+00:00,ASML
2013-08-31 00:00:00+00:00,CHTR
2013-08-31 00:00:00+00:00,EA
2013-08-31 00:00:00+00:00,HON
2013-08-31 00:00:00+00:00,ORLY
2013-08-31 00:00:00+00:00,SBUX
2013-09-30 00:00:00+00:00,BKNG
2013-09-30 00:00:00+00:00,DXCM
2013-09-30 00:00:00+00:00,EA
2013-09-30 00:00:00+00:00,GILD
2013-09-30 00:00:00+00:00,MU
2013-09-30 00:00:00+00:00,NFLX
2013-10-30 00:00:00+00:00,ASML
2013-10-30 00:00:00+00:00,BKNG
2013-10-30 00:00:00+00:00,DXCM
2013-10-30 00:00:00+00:00,NFLX
2013-10-30 00:00:00+00:00,SBUX
2013-10-30 00:00:00+00:00,TSLA
2013-11-30 00:00:00+00:00,ADBE
2013-11-30 00:00:00+00:00,CHTR
2013-11-30 00:00:00+00:00,CTAS
2013-11-30 00:00:00+00:00,GILD
2013-11-30 00:00:00+00:00,SBUX
2013-11-30 00:00:00+00:00,TSLA
2013-12-30 00:00:00+00:00,BKNG
2013-12-30 00:00:00+00:00,CTAS
2013-12-30 00:00:00+00:00,GILD
2013-12-30 00:00:00+00:00,MU
2013-12-30 00:00:00+00:00,NFLX
2013-12-30 00:00:00+00:00,ODFL
2014-01-31 00:00:00+00:00,AVGO
2014-01-31 00:00:00+00:00,AZN
2014-01-31 00:00:00+00:00,CTAS
2014-01-31 00:00:00+00:00,DXCM
2014-01-31 00:00:00+00:00,ODFL
2014-01-31 00:00:00+00:00,VRSN
2014-02-28 00:00:00+00:00,AVGO
2014-02-28 00:00:00+00:00,AZN
2014-02-28 00:00:00+00:00,DXCM
2014-02-28 00:00:00+00:00,GILD
2014-02-28 00:00:00+00:00,GOOG
2014-02-28 00:00:00+00:00,ODFL
2014-03-28 00:00:00+00:00,ADBE
2014-03-28 00:00:00+00:00,AVGO
2014-03-28 00:00:00+00:00,AZN
2014-03-28 00:00:00+00:00,DXCM
2014-03-28 00:00:00+00:00,GOOG
2014-03-28 00:00:00+00:00,NXPI
2014-04-30 00:00:00+00:00,AVGO
2014-04-30 00:00:00+00:00,AZN
2014-04-30 00:00:00+00:00,MAR
2014-04-30 00:00:00+00:00,NXPI
2014-04-30 00:00:00+00:00,ODFL
2014-04-30 00:00:00+00:00,SWKS
2014-05-30 00:00:00+00:00,AVGO
2014-05-30 00:00:00+00:00,AZN
2014-05-30 00:00:00+00:00,MAR
2014-05-30 00:00:00+00:00,NXPI
2014-05-30 00:00:00+00:00,ODFL
2014-05-30 00:00:00+00:00,SWKS
2014-06-30 00:00:00+00:00,AVGO
2014-06-30 00:00:00+00:00,BKR
2014-06-30 00:00:00+00:00,MAR
2014-06-30 00:00:00+00:00,NXPI
2014-06-30 00:00:00+00:00,ODFL
2014-06-30 00:00:00+00:00,SWKS
2014-07-30 00:00:00+00:00,AVGO
2014-07-30 00:00:00+00:00,INTC
2014-07-30 00:00:00+00:00,MAR
2014-07-30 00:00:00+00:00,MU
2014-07-30 00:00:00+00:00,NXPI
2014-07-30 00:00:00+00:00,SWKS
2014-08-31 00:00:00+00:00,AAPL
2014-08-31 00:00:00+00:00,GILD
2014-08-31 00:00:00+00:00,INTC
2014-08-31 00:00:00+00:00,LRCX
2014-08-31 00:00:00+00:00,MAR
2014-08-31 00:00:00+00:00,SWKS
2014-09-30 00:00:00+00:00,AVGO
2014-09-30 00:00:00+00:00,GILD
2014-09-30 00:00:00+00:00,INTC
2014-09-30 00:00:00+00:00,MAR
2014-09-30 00:00:00+00:00,ODFL
2014-09-30 00:00:00+00:00,SWKS
2014-10-30 00:00:00+00:00,AVGO
2014-10-30 00:00:00+00:00,CTAS
2014-10-30 00:00:00+00:00,GILD
2014-10-30 00:00:00+00:00,KDP
2014-10-30 00:00:00+00:00,ODFL
2014-10-30 00:00:00+00:00,SWKS
2014-11-30 00:00:00+00:00,ADP
2014-11-30 00:00:00+00:00,AMGN
2014-11-30 00:00:00+00:00,CTAS
2014-11-30 00:00:00+00:00,GILD
2014-11-30 00:00:00+00:00,KDP
2014-11-30 00:00:00+00:00,MNST
2014-12-30 00:00:00+00:00,ADP
2014-12-30 00:00:00+00:00,AMGN
2014-12-30 00:00:00+00:00,COST
2014-12-30 00:00:00+00:00,DLTR
2014-12-30 00:00:00+00:00,KDP
2014-12-30 00:00:00+00:00,ROST
2015-01-31 00:00:00+00:00,CTAS
2015-01-31 00:00:00+00:00,DLTR
2015-01-31 00:00:00+00:00,ORLY
2015-01-31 00:00:00+00:00,ROST
2015-01-31 00:00:00+00:00,SWKS
2015-01-31 00:00:00+00:00,XEL
2015-02-28 00:00:00+00:00,DLTR
2015-02-28 00:00:00+00:00,EA
2015-02-28 00:00:00+00:00,KDP
2015-02-28 00:00:00+00:00,ORLY
2015-02-28 00:00:00+00:00,ROST
2015-02-28 00:00:00+00:00,SWKS
2015-03-28 00:00:00+00:00,AVGO
2015-03-28 00:00:00+00:00,DLTR
2015-03-28 00:00:00+00:00,EA
2015-03-28 00:00:00+00:00,MNST
2015-03-28 00:00:00+00:00,ROST
2015-03-28 00:00:00+00:00,SWKS
2015-04-30 00:00:00+00:00,COST
2015-04-30 00:00:00+00:00,DLTR
2015-04-30 00:00:00+00:00,EA
2015-04-30 00:00:00+00:00,MNST
2015-04-30 00:00:00+00:00,ORLY
2015-04-30 00:00:00+00:00,SWKS
2015-05-30 00:00:00+00:00,EA
2015-05-30 00:00:00+00:00,FTNT
2015-05-30 00:00:00+00:00,MNST
2015-05-30 00:00:00+00:00,ORLY
2015-05-30 00:00:00+00:00,SBUX
2015-05-30 00:00:00+00:00,SWKS
2015-06-30 00:00:00+00:00,AVGO
2015-06-30 00:00:00+00:00,EA
2015-06-30 00:00:00+00:00,FTNT
2015-06-30 00:00:00+00:00,NXPI
2015-06-30 00:00:00+00:00,SBUX
2015-06-30 00:00:00+00:00,SWKS
2015-07-30 00:00:00+00:00,DXCM
2015-07-30 00:00:00+00:00,EA
2015-07-30 00:00:00+00:00,FTNT
2015-07-30 00:00:00+00:00,NFLX
2015-07-30 00:00:00+00:00,ORLY
2015-07-30 00:00:00+00:00,SBUX
2015-08-31 00:00:00+00:00,DXCM
2015-08-31 00:00:00+00:00,EA
2015-08-31 00:00:00+00:00,FTNT
2015-08-31 00:00:00+00:00,NFLX
2015-08-31 00:00:00+00:00,ORLY
2015-08-31 00:00:00+00:00,SBUX
2015-09-30 00:00:00+00:00,DXCM
2015-09-30 00:00:00+00:00,EA
2015-09-30 00:00:00+00:00,FTNT
2015-09-30 00:00:00+00:00,ORLY
2015-09-30 00:00:00+00:00,SBUX
2015-09-30 00:00:00+00:00,TMUS
2015-10-30 00:00:00+00:00,AMZN
2015-10-30 00:00:00+00:00,MDLZ
2015-10-30 00:00:00+00:00,NFLX
2015-10-30 00:00:00+00:00,ORLY
2015-10-30 00:00:00+00:00,TMUS
2015-10-30 00:00:00+00:00,VRSN
2015-11-30 00:00:00+00:00,AMZN
2015-11-30 00:00:00+00:00,KDP
2015-11-30 00:00:00+00:00,MDLZ
2015-11-30 00:00:00+00:00,NVDA
2015-11-30 00:00:00+00:00,ORLY
2015-11-30 00:00:00+00:00,VRSN
2015-12-30 00:00:00+00:00,AMZN
2015-12-30 00:00:00+00:00,COST
2015-12-30 00:00:00+00:00,GOOG
2015-12-30 00:00:00+00:00,KDP
2015-12-30 00:00:00+00:00,NVDA
2015-12-30 00:00:00+00:00,VRSN
2016-01-31 00:00:00+00:00,AMZN
2016-01-31 00:00:00+00:00,GOOG
2016-01-31 00:00:00+00:00,KDP
2016-01-31 00:00:00+00:00,NTES
2016-01-31 00:00:00+00:00,NVDA
2016-01-31 00:00:00+00:00,VRSN
2016-02-29 00:00:00+00:00,GOOG
2016-02-29 00:00:00+00:00,ISRG
2016-02-29 00:00:00+00:00,KDP
2016-02-29 00:00:00+00:00,META
2016-02-29 00:00:00+00:00,NTES
2016-02-29 00:00:00+00:00,ROST
2016-03-29 00:00:00+00:00,AEP
2016-03-29 00:00:00+00:00,DLTR
2016-03-29 00:00:00+00:00,ISRG
2016-03-29 00:00:00+00:00,LULU
2016-03-29 00:00:00+00:00,ROST
2016-04-30 00:00:00+00:00,AEP
2016-04-30 00:00:00+00:00,EXC
2016-04-30 00:00:00+00:00,FAST
2016-04-30 00:00:00+00:00,ISRG
2016-04-30 00:00:00+00:00,LULU
2016-04-30 00:00:00+00:00,XEL
2016-05-30 00:00:00+00:00,CHTR
2016-05-30 00:00:00+00:00,CPRT
2016-05-30 00:00:00+00:00,EXC
2016-05-30 00:00:00+00:00,IDXX
2016-05-30 00:00:00+00:00,ISRG
2016-05-30 00:00:00+00:00,XEL
2016-06-30 00:00:00+00:00,AMAT
2016-06-30 00:00:00+00:00,AMD
2016-06-30 00:00:00+00:00,AMZN
2016-06-30 00:00:00+00:00,CPRT
2016-06-30 00:00:00+00:00,ISRG
2016-06-30 00:00:00+00:00,NVDA
2016-07-30 00:00:00+00:00,AEP
2016-07-30 00:00:00+00:00,AMD
2016-07-30 00:00:00+00:00,CPRT
2016-07-30 00:00:00+00:00,IDXX
2016-07-30 00:00:00+00:00,ISRG
2016-07-30 00:00:00+00:00,NVDA
2016-08-31 00:00:00+00:00,ALGN
2016-08-31 00:00:00+00:00,AMD
2016-08-31 00:00:00+00:00,CPRT
2016-08-31 00:00:00+00:00,IDXX
2016-08-31 00:00:00+00:00,ISRG
2016-08-31 00:00:00+00:00,NVDA
2016-09-30 00:00:00+00:00,AMAT
2016-09-30 00:00:00+00:00,AMD
2016-09-30 00:00:00+00:00,CTAS
2016-09-30 00:00:00+00:00,IDXX
2016-09-30 00:00:00+00:00,MELI
2016-09-30 00:00:00+00:00,NVDA
2016-10-30 00:00:00+00:00,AMZN
2016-10-30 00:00:00+00:00,CPRT
2016-10-30 00:00:00+00:00,IDXX
2016-10-30 00:00:00+00:00,ISRG
2016-10-30 00:00:00+00:00,NTES
2016-10-30 00:00:00+00:00,NVDA
2016-11-30 00:00:00+00:00,AMAT
2016-11-30 00:00:00+00:00,BKR
2016-11-30 00:00:00+00:00,NTES
2016-11-30 00:00:00+00:00,NVDA
2016-11-30 00:00:00+00:00,QCOM
2016-11-30 00:00:00+00:00,TMUS
2016-12-30 00:00:00+00:00,BKR
2016-12-30 00:00:00+00:00,CSX
2016-12-30 00:00:00+00:00,LRCX
2016-12-30 00:00:00+00:00,MRVL
2016-12-30 00:00:00+00:00,MU
2016-12-30 00:00:00+00:00,NVDA
2017-01-31 00:00:00+00:00,CSX
2017-01-31 00:00:00+00:00,MSFT
2017-01-31 00:00:00+00:00,MU
2017-01-31 00:00:00+00:00,NVDA
2017-01-31 00:00:00+00:00,ODFL
2017-01-31 00:00:00+00:00,TMUS
2017-02-28 00:00:00+00:00,AMAT
2017-02-28 00:00:00+00:00,AMD
2017-02-28 00:00:00+00:00,CSX
2017-02-28 00:00:00+00:00,IDXX
2017-02-28 00:00:00+00:00,NVDA
2017-02-28 00:00:00+00:00,TMUS
2017-03-28 00:00:00+00:00,AMAT
2017-03-28 00:00:00+00:00,CPRT
2017-03-28 00:00:00+00:00,CSX
2017-03-28 00:00:00+00:00,IDXX
2017-03-28 00:00:00+00:00,MCHP
2017-03-28 00:00:00+00:00,TMUS
2017-04-30 00:00:00+00:00,AAPL
2017-04-30 00:00:00+00:00,ADBE
2017-04-30 00:00:00+00:00,AMAT
2017-04-30 00:00:00+00:00,IDXX
2017-04-30 00:00:00+00:00,LRCX
2017-04-30 00:00:00+00:00,MU
2017-05-30 00:00:00+00:00,ADBE
2017-05-30 00:00:00+00:00,ALGN
2017-05-30 00:00:00+00:00,AMAT
2017-05-30 00:00:00+00:00,ANSS
2017-05-30 00:00:00+00:00,IDXX
2017-05-30 00:00:00+00:00,LRCX
2017-06-30 00:00:00+00:00,ADBE
2017-06-30 00:00:00+00:00,ALGN
2017-06-30 00:00:00+00:00,AMAT
2017-06-30 00:00:00+00:00,ISRG
2017-06-30 00:00:00+00:00,LRCX
2017-06-30 00:00:00+00:00,MAR
2017-07-30 00:00:00+00:00,ADBE
2017-07-30 00:00:00+00:00,ALGN
2017-07-30 00:00:00+00:00,CSX
2017-07-30 00:00:00+00:00,HON
2017-07-30 00:00:00+00:00,ISRG
2017-07-30 00:00:00+00:00,TSLA
2017-08-31 00:00:00+00:00,ALGN
2017-08-31 00:00:00+00:00,EA
2017-08-31 00:00:00+00:00,HON
2017-08-31 00:00:00+00:00,JD
2017-08-31 00:00:00+00:00,META
2017-08-31 00:00:00+00:00,NVDA
2017-09-30 00:00:00+00:00,ADBE
2017-09-30 00:00:00+00:00,ALGN
2017-09-30 00:00:00+00:00,ASML
2017-09-30 00:00:00+00:00,CDNS
2017-09-30 00:00:00+00:00,ISRG
2017-09-30 00:00:00+00:00,NVDA
2017-10-30 00:00:00+00:00,ALGN
2017-10-30 00:00:00+00:00,ASML
2017-10-30 00:00:00+00:00,CDNS
2017-10-30 00:00:00+00:00,HON
2017-10-30 00:00:00+00:00,ISRG
2017-10-30 00:00:00+00:00,VRSN
2017-11-30 00:00:00+00:00,ALGN
2017-11-30 00:00:00+00:00,ASML
2017-11-30 00:00:00+00:00,CDNS
2017-11-30 00:00:00+00:00,INTC
2017-11-30 00:00:00+00:00,ISRG
2017-11-30 00:00:00+00:00,MSFT
2017-12-30 00:00:00+00:00,ALGN
2017-12-30 00:00:00+00:00,CPRT
2017-12-30 00:00:00+00:00,HON
2017-12-30 00:00:00+00:00,ISRG
2017-12-30 00:00:00+00:00,MSFT
2017-12-30 00:00:00+00:00,SNPS
2018-01-31 00:00:00+00:00,CPRT
2018-01-31 00:00:00+00:00,HON
2018-01-31 00:00:00+00:00,MAR
2018-01-31 00:00:00+00:00,MSFT
2018-01-31 00:00:00+00:00,ODFL
2018-01-31 00:00:00+00:00,TXN
2018-02-28 00:00:00+00:00,AMZN
2018-02-28 00:00:00+00:00,KDP
2018-02-28 00:00:00+00:00,MAR
2018-02-28 00:00:00+00:00,MSFT
2018-02-28 00:00:00+00:00,NXPI
2018-02-28 00:00:00+00:00,ODFL
2018-03-28 00:00:00+00:00,AMZN
2018-03-28 00:00:00+00:00,CSCO
2018-03-28 00:00:00+00:00,FTNT
2018-03-28 00:00:00+00:00,KDP
2018-03-28 00:00:00+00:00,MAR
2018-03-28 00:00:00+00:00,MSFT
2018-04-30 00:00:00+00:00,ADBE
2018-04-30 00:00:00+00:00,FTNT
2018-04-30 00:00:00+00:00,KDP
2018-04-30 00:00:00+00:00,LULU
2018-04-30 00:00:00+00:00,NFLX
2018-04-30 00:00:00+00:00,PANW
2018-05-30 00:00:00+00:00,ADBE
2018-05-30 00:00:00+00:00,AMZN
2018-05-30 00:00:00+00:00,CPRT
2018-05-30 00:00:00+00:00,FTNT
2018-05-30 00:00:00+00:00,KDP
2018-05-30 00:00:00+00:00,LULU
2018-06-30 00:00:00+00:00,ADBE
2018-06-30 00:00:00+00:00,CPRT
2018-06-30 00:00:00+00:00,FTNT
2018-06-30 00:00:00+00:00,KDP
2018-06-30 00:00:00+00:00,LULU
2018-06-30 00:00:00+00:00,NFLX
2018-07-30 00:00:00+00:00,ADBE
2018-07-30 00:00:00+00:00,CPRT
2018-07-30 00:00:00+00:00,FTNT
2018-07-30 00:00:00+00:00,INTU
2018-07-30 00:00:00+00:00,KDP
2018-07-30 00:00:00+00:00,LULU
2018-08-31 00:00:00+00:00,AMZN
2018-08-31 00:00:00+00:00,CTAS
2018-08-31 00:00:00+00:00,DXCM
2018-08-31 00:00:00+00:00,FTNT
2018-08-31 00:00:00+00:00,KDP
2018-08-31 00:00:00+00:00,LULU
2018-09-30 00:00:00+00:00,AMD
2018-09-30 00:00:00+00:00,AMZN
2018-09-30 00:00:00+00:00,CTAS
2018-09-30 00:00:00+00:00,DXCM
2018-09-30 00:00:00+00:00,FTNT
2018-09-30 00:00:00+00:00,LULU
2018-10-30 00:00:00+00:00,ADP
2018-10-30 00:00:00+00:00,AMD
2018-10-30 00:00:00+00:00,DXCM
2018-10-30 00:00:00+00:00,FTNT
2018-10-30 00:00:00+00:00,KDP
2018-10-30 00:00:00+00:00,LULU
2018-11-30 00:00:00+00:00,DXCM
2018-11-30 00:00:00+00:00,LULU
2018-11-30 00:00:00+00:00,ROST
2018-11-30 00:00:00+00:00,SBUX
2018-11-30 00:00:00+00:00,VRSN
2018-11-30 00:00:00+00:00,WBA
2018-12-30 00:00:00+00:00,AEP
2018-12-30 00:00:00+00:00,LULU
2018-12-30 00:00:00+00:00,ROST
2018-12-30 00:00:00+00:00,SBUX
2018-12-30 00:00:00+00:00,WBA
2018-12-30 00:00:00+00:00,XEL
2019-01-31 00:00:00+00:00,AEP
2019-01-31 00:00:00+00:00,KDP
2019-01-31 00:00:00+00:00,NTES
2019-01-31 00:00:00+00:00,SBUX
2019-01-31 00:00:00+00:00,TSLA
2019-01-31 00:00:00+00:00,XEL
2019-02-28 00:00:00+00:00,AEP
2019-02-28 00:00:00+00:00,DLTR
2019-02-28 00:00:00+00:00,EXC
2019-02-28 00:00:00+00:00,KDP
2019-02-28 00:00:00+00:00,WDAY
2019-02-28 00:00:00+00:00,XEL
2019-03-28 00:00:00+00:00,ADI
2019-03-28 00:00:00+00:00,AVGO
2019-03-28 00:00:00+00:00,EXC
2019-03-28 00:00:00+00:00,FAST
2019-03-28 00:00:00+00:00,MCHP
2019-03-28 00:00:00+00:00,WDAY
2019-04-30 00:00:00+00:00,CDNS
2019-04-30 00:00:00+00:00,CPRT
2019-04-30 00:00:00+00:00,EXC
2019-04-30 00:00:00+00:00,SBUX
2019-04-30 00:00:00+00:00,SNPS
2019-04-30 00:00:00+00:00,VRSN
2019-05-30 00:00:00+00:00,CDNS
2019-05-30 00:00:00+00:00,KDP
2019-05-30 00:00:00+00:00,MELI
2019-05-30 00:00:00+00:00,SBUX
2019-05-30 00:00:00+00:00,SNPS
2019-05-30 00:00:00+00:00,VRSK
2019-06-30 00:00:00+00:00,CPRT
2019-06-30 00:00:00+00:00,MELI
2019-06-30 00:00:00+00:00,PAYX
2019-06-30 00:00:00+00:00,SBUX
2019-06-30 00:00:00+00:00,VRSK
2019-06-30 00:00:00+00:00,VRSN
2019-07-30 00:00:00+00:00,CDNS
2019-07-30 00:00:00+00:00,CPRT
2019-07-30 00:00:00+00:00,KDP
2019-07-30 00:00:00+00:00,SBUX
2019-07-30 00:00:00+00:00,SNPS
2019-07-30 00:00:00+00:00,VRSN
2019-08-31 00:00:00+00:00,CPRT
2019-08-31 00:00:00+00:00,CTAS
2019-08-31 00:00:00+00:00,KDP
2019-08-31 00:00:00+00:00,SBUX
2019-08-31 00:00:00+00:00,VRSK
2019-08-31 00:00:00+00:00,VRSN
2019-09-30 00:00:00+00:00,COST
2019-09-30 00:00:00+00:00,CPRT
2019-09-30 00:00:00+00:00,SBUX
2019-09-30 00:00:00+00:00,SNPS
2019-09-30 00:00:00+00:00,VRSK
2019-09-30 00:00:00+00:00,XEL
2019-10-30 00:00:00+00:00,AAPL
2019-10-30 00:00:00+00:00,ASML
2019-10-30 00:00:00+00:00,COST
2019-10-30 00:00:00+00:00,KLAC
2019-10-30 00:00:00+00:00,VRSK
2019-10-30 00:00:00+00:00,XEL
2019-11-30 00:00:00+00:00,AAPL
2019-11-30 00:00:00+00:00,ASML
2019-11-30 00:00:00+00:00,CPRT
2019-11-30 00:00:00+00:00,KLAC
2019-11-30 00:00:00+00:00,LRCX
2019-11-30 00:00:00+00:00,QCOM
2019-12-30 00:00:00+00:00,AAPL
2019-12-30 00:00:00+00:00,AMGN
2019-12-30 00:00:00+00:00,ANSS
2019-12-30 00:00:00+00:00,ASML
2019-12-30 00:00:00+00:00,CPRT
2019-12-30 00:00:00+00:00,LULU
2020-01-31 00:00:00+00:00,AAPL
2020-01-31 00:00:00+00:00,AMD
2020-01-31 00:00:00+00:00,ASML
2020-01-31 00:00:00+00:00,CHTR
2020-01-31 00:00:00+00:00,CPRT
2020-01-31 00:00:00+00:00,MSFT
2020-02-29 00:00:00+00:00,AAPL
2020-02-29 00:00:00+00:00,ANSS
2020-02-29 00:00:00+00:00,CHTR
2020-02-29 00:00:00+00:00,CPRT
2020-02-29 00:00:00+00:00,MSFT
2020-02-29 00:00:00+00:00,TSLA
2020-03-29 00:00:00+00:00,AAPL
2020-03-29 00:00:00+00:00,AMD
2020-03-29 00:00:00+00:00,CHTR
2020-03-29 00:00:00+00:00,DXCM
2020-03-29 00:00:00+00:00,NVDA
2020-03-29 00:00:00+00:00,TSLA
2020-04-30 00:00:00+00:00,DXCM
2020-04-30 00:00:00+00:00,JD
2020-04-30 00:00:00+00:00,NFLX
2020-04-30 00:00:00+00:00,NVDA
2020-04-30 00:00:00+00:00,TSLA
2020-04-30 00:00:00+00:00,VRTX
2020-05-30 00:00:00+00:00,GILD
2020-05-30 00:00:00+00:00,NFLX
2020-05-30 00:00:00+00:00,REGN
2020-06-30 00:00:00+00:00,AMZN
2020-06-30 00:00:00+00:00,DXCM
2020-06-30 00:00:00+00:00,GILD
2020-06-30 00:00:00+00:00,NFLX
2020-06-30 00:00:00+00:00,REGN
2020-06-30 00:00:00+00:00,VRTX
2020-07-30 00:00:00+00:00,AMZN
2020-07-30 00:00:00+00:00,DXCM
2020-07-30 00:00:00+00:00,EBAY
2020-07-30 00:00:00+00:00,JD
2020-07-30 00:00:00+00:00,REGN
2020-07-30 00:00:00+00:00,SNPS
2020-08-31 00:00:00+00:00,AAPL
2020-08-31 00:00:00+00:00,AMZN
2020-08-31 00:00:00+00:00,CDNS
2020-08-31 00:00:00+00:00,IDXX
2020-08-31 00:00:00+00:00,NVDA
2020-08-31 00:00:00+00:00,TSLA
2020-09-30 00:00:00+00:00,AAPL
2020-09-30 00:00:00+00:00,ADBE
2020-09-30 00:00:00+00:00,AMZN
2020-09-30 00:00:00+00:00,JD
2020-09-30 00:00:00+00:00,NVDA
2020-09-30 00:00:00+00:00,TSLA
2020-10-30 00:00:00+00:00,AAPL
2020-10-30 00:00:00+00:00,AMD
2020-10-30 00:00:00+00:00,JD
2020-10-30 00:00:00+00:00,NVDA
2020-10-30 00:00:00+00:00,QCOM
2020-10-30 00:00:00+00:00,TSLA
2020-11-30 00:00:00+00:00,CPRT
2020-11-30 00:00:00+00:00,IDXX
2020-11-30 00:00:00+00:00,JD
2020-11-30 00:00:00+00:00,NVDA
2020-11-30 00:00:00+00:00,QCOM
2020-11-30 00:00:00+00:00,TSLA
2020-12-30 00:00:00+00:00,ALGN
2020-12-30 00:00:00+00:00,IDXX
2020-12-30 00:00:00+00:00,JD
2020-12-30 00:00:00+00:00,MELI
2020-12-30 00:00:00+00:00,QCOM
2020-12-30 00:00:00+00:00,TXN
2021-01-31 00:00:00+00:00,ALGN
2021-01-31 00:00:00+00:00,AVGO
2021-01-31 00:00:00+00:00,BIDU
2021-01-31 00:00:00+00:00,IDXX
2021-01-31 00:00:00+00:00,MELI
2021-01-31 00:00:00+00:00,QCOM
2021-02-28 00:00:00+00:00,ASML
2021-02-28 00:00:00+00:00,AVGO
2021-02-28 00:00:00+00:00,BIDU
2021-02-28 00:00:00+00:00,IDXX
2021-02-28 00:00:00+00:00,MELI
2021-02-28 00:00:00+00:00,TSLA
2021-03-28 00:00:00+00:00,ALGN
2021-03-28 00:00:00+00:00,AMAT
2021-03-28 00:00:00+00:00,AVGO
2021-03-28 00:00:00+00:00,BIDU
2021-03-28 00:00:00+00:00,FTNT
2021-03-28 00:00:00+00:00,MU
2021-04-30 00:00:00+00:00,AMAT
2021-04-30 00:00:00+00:00,ASML
2021-04-30 00:00:00+00:00,KLAC
2021-04-30 00:00:00+00:00,MU
2021-04-30 00:00:00+00:00,NXPI
2021-04-30 00:00:00+00:00,TXN
2021-05-30 00:00:00+00:00,AMAT
2021-05-30 00:00:00+00:00,ASML
2021-05-30 00:00:00+00:00,FTNT
2021-05-30 00:00:00+00:00,GOOG
2021-05-30 00:00:00+00:00,LRCX
2021-05-30 00:00:00+00:00,ODFL
2021-06-30 00:00:00+00:00,AMAT
2021-06-30 00:00:00+00:00,ASML
2021-06-30 00:00:00+00:00,FTNT
2021-06-30 00:00:00+00:00,GOOG
2021-06-30 00:00:00+00:00,INTU
2021-06-30 00:00:00+00:00,ODFL
2021-07-30 00:00:00+00:00,FTNT
2021-07-30 00:00:00+00:00,GOOG
2021-07-30 00:00:00+00:00,IDXX
2021-07-30 00:00:00+00:00,INTU
2021-07-30 00:00:00+00:00,MSFT
2021-07-30 00:00:00+00:00,NVDA
2021-08-31 00:00:00+00:00,ASML
2021-08-31 00:00:00+00:00,FTNT
2021-08-31 00:00:00+00:00,GOOG
2021-08-31 00:00:00+00:00,IDXX
2021-08-31 00:00:00+00:00,INTU
2021-08-31 00:00:00+00:00,PAYX
2021-09-30 00:00:00+00:00,ADBE
2021-09-30 00:00:00+00:00,ASML
2021-09-30 00:00:00+00:00,FTNT
2021-09-30 00:00:00+00:00,GOOG
2021-09-30 00:00:00+00:00,INTU
2021-09-30 00:00:00+00:00,SNPS
2021-10-30 00:00:00+00:00,DXCM
2021-10-30 00:00:00+00:00,FTNT
2021-10-30 00:00:00+00:00,GOOG
2021-10-30 00:00:00+00:00,INTU
2021-10-30 00:00:00+00:00,PANW
2021-10-30 00:00:00+00:00,PAYX
2021-11-30 00:00:00+00:00,COST
2021-11-30 00:00:00+00:00,FTNT
2021-11-30 00:00:00+00:00,NVDA
2021-11-30 00:00:00+00:00,ODFL
2021-11-30 00:00:00+00:00,PANW
2021-11-30 00:00:00+00:00,TSLA
2021-12-30 00:00:00+00:00,COST
2021-12-30 00:00:00+00:00,INTU
2021-12-30 00:00:00+00:00,MRVL
2021-12-30 00:00:00+00:00,NVDA
2021-12-30 00:00:00+00:00,ODFL
2021-12-30 00:00:00+00:00,PANW
2022-01-31 00:00:00+00:00,AVGO
2022-01-31 00:00:00+00:00,COST
2022-01-31 00:00:00+00:00,EXC
2022-01-31 00:00:00+00:00,MRVL
2022-01-31 00:00:00+00:00,PANW
2022-01-31 00:00:00+00:00,PAYX
2022-02-28 00:00:00+00:00,AAPL
2022-02-28 00:00:00+00:00,CTSH
2022-02-28 00:00:00+00:00,EXC
2022-02-28 00:00:00+00:00,MDLZ
2022-02-28 00:00:00+00:00,PEP
2022-02-28 00:00:00+00:00,VRTX
2022-03-28 00:00:00+00:00,AEP
2022-03-28 00:00:00+00:00,CTSH
2022-03-28 00:00:00+00:00,EXC
2022-03-28 00:00:00+00:00,KDP
2022-03-28 00:00:00+00:00,VRTX
2022-03-28 00:00:00+00:00,XEL
2022-04-30 00:00:00+00:00,AEP
2022-04-30 00:00:00+00:00,AMGN
2022-04-30 00:00:00+00:00,BKR
2022-04-30 00:00:00+00:00,EXC
2022-04-30 00:00:00+00:00,KDP
2022-04-30 00:00:00+00:00,VRTX
2022-05-30 00:00:00+00:00,AEP
2022-05-30 00:00:00+00:00,AZN
2022-05-30 00:00:00+00:00,BKR
2022-05-30 00:00:00+00:00,DLTR
2022-05-30 00:00:00+00:00,EXC
2022-05-30 00:00:00+00:00,VRTX
2022-06-30 00:00:00+00:00,AEP
2022-06-30 00:00:00+00:00,BKR
2022-06-30 00:00:00+00:00,DLTR
2022-06-30 00:00:00+00:00,EXC
2022-06-30 00:00:00+00:00,VRTX
2022-06-30 00:00:00+00:00,XEL
2022-07-30 00:00:00+00:00,MNST
2022-08-31 00:00:00+00:00,MNST
2022-09-30 00:00:00+00:00,CDNS
2022-09-30 00:00:00+00:00,JD
2022-09-30 00:00:00+00:00,MNST
2022-09-30 00:00:00+00:00,SNPS
2022-09-30 00:00:00+00:00,TMUS
2022-09-30 00:00:00+00:00,VRTX
2022-10-30 00:00:00+00:00,ADP
2022-10-30 00:00:00+00:00,CDNS
2022-10-30 00:00:00+00:00,CTAS
2022-10-30 00:00:00+00:00,ORLY
2022-10-30 00:00:00+00:00,TMUS
2022-10-30 00:00:00+00:00,TSLA
2022-11-30 00:00:00+00:00,GILD
2022-11-30 00:00:00+00:00,MELI
2022-11-30 00:00:00+00:00,NFLX
2022-11-30 00:00:00+00:00,ORLY
2022-11-30 00:00:00+00:00,SBUX
2022-12-30 00:00:00+00:00,BIIB
2022-12-30 00:00:00+00:00,GILD
2022-12-30 00:00:00+00:00,ORLY
2022-12-30 00:00:00+00:00,REGN
2022-12-30 00:00:00+00:00,SBUX
2022-12-30 00:00:00+00:00,VRTX
2023-01-31 00:00:00+00:00,GILD
2023-01-31 00:00:00+00:00,MNST
2023-01-31 00:00:00+00:00,ORLY
2023-01-31 00:00:00+00:00,PCAR
2023-01-31 00:00:00+00:00,ROST
2023-01-31 00:00:00+00:00,SBUX
2023-02-28 00:00:00+00:00,BKNG
2023-02-28 00:00:00+00:00,GILD
2023-02-28 00:00:00+00:00,MCHP
2023-02-28 00:00:00+00:00,NFLX
2023-02-28 00:00:00+00:00,ODFL
2023-02-28 00:00:00+00:00,PCAR
2023-03-28 00:00:00+00:00,ANSS
2023-03-28 00:00:00+00:00,AVGO
2023-03-28 00:00:00+00:00,BKNG
2023-03-28 00:00:00+00:00,CDNS
2023-03-28 00:00:00+00:00,CPRT
2023-03-28 00:00:00+00:00,NVDA
2023-04-30 00:00:00+00:00,ADI
2023-04-30 00:00:00+00:00,ANSS
2023-04-30 00:00:00+00:00,CDNS
2023-04-30 00:00:00+00:00,CPRT
2023-04-30 00:00:00+00:00,META
2023-04-30 00:00:00+00:00,NVDA
2023-05-30 00:00:00+00:00,AAPL
2023-05-30 00:00:00+00:00,CDNS
2023-05-30 00:00:00+00:00,CPRT
2023-05-30 00:00:00+00:00,META
2023-05-30 00:00:00+00:00,MSFT
2023-05-30 00:00:00+00:00,NVDA
2023-06-30 00:00:00+00:00,AVGO
2023-06-30 00:00:00+00:00,CPRT
2023-06-30 00:00:00+00:00,META
2023-06-30 00:00:00+00:00,MSFT
2023-06-30 00:00:00+00:00,NVDA
2023-06-30 00:00:00+00:00,SNPS
2023-07-30 00:00:00+00:00,AAPL
2023-07-30 00:00:00+00:00,AVGO
2023-07-30 00:00:00+00:00,CPRT
2023-07-30 00:00:00+00:00,ISRG
2023-07-30 00:00:00+00:00,META
2023-07-30 00:00:00+00:00,NVDA
2023-08-31 00:00:00+00:00,ADBE
2023-08-31 00:00:00+00:00,AMZN
2023-08-31 00:00:00+00:00,AVGO
2023-08-31 00:00:00+00:00,META
2023-08-31 00:00:00+00:00,NVDA
2023-08-31 00:00:00+00:00,VRSK
2023-09-30 00:00:00+00:00,ADBE
2023-09-30 00:00:00+00:00,AVGO
2023-09-30 00:00:00+00:00,BKR
2023-09-30 00:00:00+00:00,CSCO
2023-09-30 00:00:00+00:00,NVDA
2023-09-30 00:00:00+00:00,VRSK
2023-10-30 00:00:00+00:00,ADBE
2023-10-30 00:00:00+00:00,AMGN
2023-10-30 00:00:00+00:00,META
2023-10-30 00:00:00+00:00,NVDA
2023-10-30 00:00:00+00:00,PCAR
2023-10-30 00:00:00+00:00,VRSK
2023-11-30 00:00:00+00:00,AMGN
2023-11-30 00:00:00+00:00,CHTR
2023-11-30 00:00:00+00:00,CSCO
2023-11-30 00:00:00+00:00,GOOG
2023-11-30 00:00:00+00:00,REGN
2023-11-30 00:00:00+00:00,VRSK
2023-12-30 00:00:00+00:00,AMGN
2023-12-30 00:00:00+00:00,SNPS
2024-01-31 00:00:00+00:00,AMGN
2024-01-31 00:00:00+00:00,AVGO
2024-01-31 00:00:00+00:00,COST
2024-01-31 00:00:00+00:00,LULU
2024-01-31 00:00:00+00:00,META
2024-01-31 00:00:00+00:00,VRTX
2024-02-29 00:00:00+00:00,AMGN
2024-02-29 00:00:00+00:00,AVGO
2024-02-29 00:00:00+00:00,COST
2024-02-29 00:00:00+00:00,MAR
2024-02-29 00:00:00+00:00,META
2024-02-29 00:00:00+00:00,NVDA
2024-03-29 00:00:00+00:00,AMD
2024-03-29 00:00:00+00:00,AVGO
2024-03-29 00:00:00+00:00,COST
2024-03-29 00:00:00+00:00,META
2024-03-29 00:00:00+00:00,NVDA
2024-03-29 00:00:00+00:00,PCAR
2024-04-30 00:00:00+00:00,CTAS
2024-04-30 00:00:00+00:00,FAST
2024-04-30 00:00:00+00:00,META
2024-04-30 00:00:00+00:00,MU
2024-04-30 00:00:00+00:00,NVDA
2024-04-30 00:00:00+00:00,PCAR
2024-05-30 00:00:00+00:00,AMZN
2024-05-30 00:00:00+00:00,COST
2024-05-30 00:00:00+00:00,CTAS
2024-05-30 00:00:00+00:00,MU
2024-05-30 00:00:00+00:00,NVDA
2024-05-30 00:00:00+00:00,QCOM
2024-06-30 00:00:00+00:00,AZN
2024-06-30 00:00:00+00:00,CTAS
2024-06-30 00:00:00+00:00,GOOG
2024-06-30 00:00:00+00:00,MU
2024-06-30 00:00:00+00:00,NVDA
2024-06-30 00:00:00+00:00,QCOM
2024-07-30 00:00:00+00:00,AAPL
2024-07-30 00:00:00+00:00,COST
2024-07-30 00:00:00+00:00,GOOG
2024-07-30 00:00:00+00:00,KLAC
2024-07-30 00:00:00+00:00,NVDA
2024-07-30 00:00:00+00:00,TMUS
2024-08-31 00:00:00+00:00,AEP
2024-08-31 00:00:00+00:00,AZN
2024-08-31 00:00:00+00:00,ISRG
2024-08-31 00:00:00+00:00,REGN
2024-08-31 00:00:00+00:00,TMUS
2024-08-31 00:00:00+00:00,VRTX
2024-09-30 00:00:00+00:00,AEP
2024-09-30 00:00:00+00:00,COST
2024-09-30 00:00:00+00:00,CTAS
2024-09-30 00:00:00+00:00,EBAY
2024-09-30 00:00:00+00:00,ISRG
2024-09-30 00:00:00+00:00,TMUS
2024-10-30 00:00:00+00:00,ADP
2024-10-30 00:00:00+00:00,COST
2024-10-30 00:00:00+00:00,CTAS
2024-10-30 00:00:00+00:00,EBAY
2024-10-30 00:00:00+00:00,ISRG
2024-10-30 00:00:00+00:00,TMUS
2024-11-30 00:00:00+00:00,ADP
2024-11-30 00:00:00+00:00,CTAS
2024-11-30 00:00:00+00:00,GILD
2024-11-30 00:00:00+00:00,ISRG
2024-11-30 00:00:00+00:00,TMUS
2024-11-30 00:00:00+00:00,XEL
2024-12-30 00:00:00+00:00,BKNG
2024-12-30 00:00:00+00:00,FTNT
2024-12-30 00:00:00+00:00,ISRG
2024-12-30 00:00:00+00:00,MAR
2024-12-30 00:00:00+00:00,NFLX
2024-12-30 00:00:00+00:00,TMUS
2025-01-31 00:00:00+00:00,AMZN
2025-01-31 00:00:00+00:00,FTNT
2025-01-31 00:00:00+00:00,ISRG
2025-01-31 00:00:00+00:00,MRVL
2025-01-31 00:00:00+00:00,NFLX
2025-01-31 00:00:00+00:00,TSLA
2025-02-28 00:00:00+00:00,AMZN
2025-02-28 00:00:00+00:00,FTNT
2025-02-28 00:00:00+00:00,GILD
2025-02-28 00:00:00+00:00,GOOG
2025-02-28 00:00:00+00:00,ISRG
2025-02-28 00:00:00+00:00,NFLX
2025-03-28 00:00:00+00:00,CSCO
2025-03-28 00:00:00+00:00,FTNT
2025-03-28 00:00:00+00:00,ISRG
2025-03-28 00:00:00+00:00,META
2025-03-28 00:00:00+00:00,NFLX
2025-03-28 00:00:00+00:00,VRSN
2025-04-30 00:00:00+00:00,AEP
2025-04-30 00:00:00+00:00,EXC
2025-04-30 00:00:00+00:00,GILD
2025-04-30 00:00:00+00:00,NTES
2025-04-30 00:00:00+00:00,ORLY
2025-04-30 00:00:00+00:00,VRSN
2025-05-30 00:00:00+00:00,AEP
2025-05-30 00:00:00+00:00,EXC
2025-05-30 00:00:00+00:00,GILD
2025-05-30 00:00:00+00:00,MNST
2025-05-30 00:00:00+00:00,ORLY
2025-05-30 00:00:00+00:00,VRSN
2025-06-30 00:00:00+00:00,EA
2025-06-30 00:00:00+00:00,EXC
2025-06-30 00:00:00+00:00,KDP
2025-06-30 00:00:00+00:00,MDLZ
2025-06-30 00:00:00+00:00,MNST
2025-06-30 00:00:00+00:00,VRSN
2025-07-30 00:00:00+00:00,DLTR
2025-07-30 00:00:00+00:00,INTU
2025-07-30 00:00:00+00:00,MSFT
2025-07-30 00:00:00+00:00,NFLX
2025-07-30 00:00:00+00:00,NTES
2025-07-30 00:00:00+00:00,VRSN
